,N,ART,NPROP,PREP,V,PREP|+,",",ADJ,<s>,ADV,KC,PCP,"""",PROADJ,NUM,VAUX,PROPESS,KS,PRO-KS-REL,PROSUB,),(,PDEN,:,N|AP,-,N|EST,CUR,V|+,PRO-KS,?,;,!,N|HOR,ADV-KS-REL,N|TEL,',IN,ADV-KS,N|DAT,N|DAD,ADJ|EST,KC|[,KC|],VAUX|+,/,...,.,$,NPROP|+,[,PREP|[,ADV|[,=,ADV|],ADJ|+,((,)),PREP|],ADV|EST,ADV|HOR,ADV|+,ART|+,PREP|+],PROP,V|EST,KS|[,ART|EST,KS|],NPRO,PREP|EST,`,NUM|TEL,PREP|,KC|EST,PROADJ|+,PROPESS|EST,PDEN|EST,PROPESS|+,KC|+,VAUX|!,IN|EST,V|!
N,0.016806083006994783,0.009134660114521572,0.025310620733986856,0.19371400055822924,0.06442895687256303,0.14889495986670162,0.09884463465588551,0.12369852238414629,0.09552909135505916,0.020328847764122776,0.043541879879219494,0.027162926812764842,0.018176282024173016,0.0025458636059916603,0.0012813898216203871,0.019000938840067327,0.0037934213531138194,0.0039498946976681245,0.01828623626629226,0.0005455422012839272,0.009743637455489677,0.006394262080165101,0.0030956348165878662,0.021927413284164053,0.008064720758515111,0.004850673681183446,0.0003298627263577234,0.00019030541905253276,0.0009938171883854489,0.0001607023538665832,0.0024147643173110266,0.0025035735128688752,0.00110377143050469,5.9206130371899076e-05,0.0009388400673258282,0.0007654506855224095,0.00039752687535417954,2.1145046561392527e-05,8.03511769332916e-05,8.458018624557011e-05,2.9603065185949538e-05,0.0002833436239226599,6.343513968417759e-05,0.00017338938180341872,3.3832074498228045e-05,8.458018624557011e-05,0.0,0.0,3.3832074498228045e-05,0.0,5.074811174734207e-05,0.0,1.6916037249114023e-05,4.2290093122785053e-05,0.0,2.9603065185949538e-05,4.229009312278506e-06,4.229009312278506e-06,0.0,0.0,4.229009312278506e-06,2.5374055873671034e-05,4.229009312278506e-06,0.0,4.229009312278506e-06,4.229009312278506e-06,4.229009312278506e-06,0.0,0.0,8.458018624557011e-06,0.0,0.0,0.0,0.0,0.0,0.0,0.0,0.0,0.0,0.0,0.0,0.0,0.0
ART,0.7421440375005761,0.0002633467420716171,0.13996220974251272,0.0008558769117327557,0.0012640643619437624,0.0006188648438683003,0.0014681580870492656,0.050457235780921844,0.0012311460191848102,0.002350369672989183,0.0003884364445556353,0.00230428399312665,0.012561639596816138,0.01948107524474788,0.00874969550532948,0.00023701206786445544,8.558769117327557e-05,3.291834275895214e-05,0.00013825703958759901,0.0030219038652718067,2.6334674207161714e-05,0.00022384473076087456,0.0002567630735198267,2.6334674207161714e-05,0.00014484070813938944,0.00015142437669117987,0.005918718028059595,0.000368685438900264,1.9751005655371287e-05,5.266934841432343e-05,1.9751005655371287e-05,1.9751005655371287e-05,1.3167337103580857e-05,0.004621735323356881,0.0,0.0,0.0002962650848305693,0.0,0.0,0.0,0.0,7.242035406969472e-05,0.0,0.0,0.0,1.3167337103580857e-05,0.0,0.0,2.6334674207161714e-05,3.9502011310742574e-05,0.0,0.0,0.0,0.0,0.0,1.3167337103580857e-05,0.0,0.0,0.0,0.0,1.9751005655371287e-05,0.0,0.0,0.0,1.9751005655371287e-05,0.0,0.0,0.0,0.0,6.583668551790428e-06,0.0,0.0,0.0,1.3167337103580857e-05,0.0,0.0,0.0,0.0,0.0,0.0,0.0,0.0,0.0
NPROP,0.026758690669885756,0.00803023145961266,0.4259171783971028,0.02654000244930807,0.08006613131790269,0.01982190031316153,0.1465735929599888,0.0027379765216326386,0.07601602547280394,0.010470792001259645,0.033345579873685686,0.0019332038699067513,0.035462481848877694,0.0007172973634948127,0.0012858867369967984,0.015360660613376721,0.0031141202610262602,0.001758253293444602,0.0019419513987298587,0.0002974159799856541,0.02644377963225389,0.03314438671075421,0.0024580555992931995,0.003245333193372872,0.000463619027624696,0.00626323063734495,0.00017495057646214944,0.0006210745464406305,0.0010234608723035743,0.00013996046116971955,0.0020819118598995783,0.0021606396193075456,0.0011284312181808638,0.00020994069175457933,0.0001312129323466121,0.0,0.0010322084011266817,3.499011529242989e-05,5.248517293864483e-05,3.499011529242989e-05,5.248517293864483e-05,8.747528823107472e-06,1.7495057646214944e-05,0.00016620304763904198,8.747528823107472e-06,0.00036739621057051386,0.0,0.0,0.00016620304763904198,0.0,6.12327017617523e-05,0.0,0.0,2.6242586469322416e-05,0.0,0.0,5.248517293864483e-05,5.248517293864483e-05,0.0,0.0,8.747528823107472e-06,0.0,0.0,0.0,0.0,0.0,0.0,0.0,0.0,0.0,0.0,0.0,0.0,0.0,0.0,0.0,0.0,0.0,8.747528823107472e-06,0.0,0.0,0.0,0.0
PREP,0.3775152351385535,0.15686443601241806,0.10925223257061822,0.046107853282741175,0.08142654555210609,0.0018301329960522786,0.001044421448008892,0.01449733624621517,0.0005653290406653635,0.012839676516806562,0.00040243762216856386,0.001466022766471197,0.01249472998351922,0.05460695258901537,0.0526426737189069,0.006276110536200222,0.014890192020236863,0.0077996243915526425,0.007857115480433866,0.013251695987121996,7.665478517496454e-05,7.665478517496454e-05,0.0017918056034647962,0.00012456402590931738,0.0004503468629029167,0.00016289141849679966,0.003133264344026676,0.01280134912421908,0.003219500977348511,0.0025870989996550535,1.9163696293741136e-05,3.832739258748227e-05,0.0,0.0003066191406998582,0.00020121881108428193,1.9163696293741136e-05,0.00029703729255298764,0.0,0.00046951055919665786,0.0003641102295810816,0.00016289141849679966,1.9163696293741136e-05,0.0,0.0,0.0,0.0,0.0,0.0,1.9163696293741136e-05,0.0,0.0,0.0,9.581848146870568e-06,0.0,0.0,0.0,0.0,0.0,0.0,0.0,0.0,9.581848146870568e-06,0.0,0.0,0.0,0.0,0.0,0.0,0.0,0.0,0.0,9.581848146870568e-06,0.0,0.0,0.0,0.0,0.0,0.0,0.0,0.0,0.0,0.0,0.0
V,0.11776943787223627,0.23585502162029862,0.019468466998449865,0.12675409969813167,0.0368768866770009,0.08306477930978216,0.031543199804193525,0.046973158195316965,0.026321693726034105,0.05897650322264828,0.011330260259443583,0.017775556824671617,0.01158521661091621,0.039579424002610754,0.02380272497348454,0.002090642082075549,0.004242473688504528,0.05215387125724076,0.0003263441298849637,0.015062821245002855,0.0010504201680672268,0.0007138777841233581,0.012237904870686139,0.004140491147915477,1.0198254058905115e-05,0.0010300236599494166,0.0012441869951864241,0.004976747980745697,0.0013869625520110957,0.004303663212857959,0.0020702455739577386,0.000611895243534307,0.0012543852492453292,7.138777841233581e-05,2.039650811781023e-05,1.0198254058905115e-05,0.0005405074651219711,6.11895243534307e-05,0.002090642082075549,0.0,1.0198254058905115e-05,6.11895243534307e-05,0.0003059476217671535,0.0,0.0,7.138777841233581e-05,0.0,0.0,4.079301623562046e-05,0.0,0.0,3.059476217671535e-05,2.039650811781023e-05,0.0,1.0198254058905115e-05,0.0,0.0,0.0,0.0,0.0,1.0198254058905115e-05,0.0,4.079301623562046e-05,0.0,0.0,0.0,1.0198254058905115e-05,0.0,0.0,0.0,0.0,0.0,0.0,0.0,0.0,0.0,0.0,0.0,0.0,0.0,0.0,1.0198254058905115e-05,0.0
PREP|+,0.0005749035439609576,0.8972072463397808,0.00016608324603316555,0.00048547410378925313,8.942944017170452e-05,0.04990162761581113,3.832690293073051e-05,5.110253724097401e-05,3.832690293073051e-05,0.0013414416025755679,1.2775634310243503e-05,3.832690293073051e-05,1.2775634310243503e-05,0.026790505148580626,6.387817155121751e-05,0.0,0.008086976518384139,3.832690293073051e-05,0.0030022740629072234,0.011395865804737206,0.0,0.0,2.5551268620487006e-05,0.0,0.0,0.0,0.0,0.0,0.0,0.0005749035439609576,1.2775634310243503e-05,0.0,0.0,0.0,2.5551268620487006e-05,0.0,1.2775634310243503e-05,0.0,0.0,0.0,0.0,0.0,0.0,0.0,0.0,0.0,0.0,0.0,0.0,0.0,0.0,0.0,0.0,0.0,0.0,0.0,0.0,0.0,0.0,0.0,0.0,0.0,1.2775634310243503e-05,0.0,0.0,0.0,0.0,0.0,0.0,0.0,0.0,0.0,0.0,0.0,0.0,0.0,0.0,0.0,0.0,0.0,0.0,0.0,0.0
",",0.09181826145355798,0.12300347475691302,0.07832802873244371,0.1279382135661518,0.15395509095687213,0.06829795310538149,0.0019855753788653023,0.01624959850497854,0.0015913802668846907,0.04487984348994072,0.053873331970683565,0.028717843898735655,0.010307472187344877,0.013519432359038748,0.02357870762402546,0.02159313224516016,0.015636406108564253,0.025199287528834644,0.042748269921452975,0.010395071101118347,0.00011679855169795894,0.00020439746547142815,0.017680380763278537,0.0,0.000656991853301019,0.00014599818962244868,0.00110958624113061,0.0011679855169795894,0.00824889771366835,0.0033579583613163196,5.839927584897947e-05,8.759891377346921e-05,0.0,0.00048179402575408063,0.007942301515461209,7.299909481122434e-05,0.00016059800858469355,0.0014015826203755074,0.0006131923964142845,0.00029199637924489735,0.0005255934826408152,0.0,0.0006423920343387742,0.0004963938447163256,0.0005985925774520396,0.0,0.0,0.0,2.9199637924489735e-05,0.0,0.0,7.299909481122434e-05,0.0,0.0,0.0,1.4599818962244867e-05,0.0,0.0,5.839927584897947e-05,2.9199637924489735e-05,0.0,0.0,1.4599818962244867e-05,2.9199637924489735e-05,0.0,0.0,1.4599818962244867e-05,0.0,1.4599818962244867e-05,0.0,0.0,0.0,0.0,0.0,0.0,1.4599818962244867e-05,0.0,0.0,0.0,1.4599818962244867e-05,1.4599818962244867e-05,0.0,0.0
ADJ,0.2056883759274526,0.013021809188338455,0.022802218391666042,0.11888256014389567,0.05206850033725549,0.10996402608109121,0.12469084913437757,0.021022258862324814,0.12482200404706588,0.012609608034175223,0.062017537285468036,0.011541632316570486,0.025912463463988608,0.0013490219590796672,0.004403057783107248,0.011560368732668816,0.0028291988308476353,0.013452746758600014,0.013565165255189988,0.0007869294761298058,0.009405680881361013,0.008712433485722851,0.0030915086562242375,0.006220490144645132,0.00043093757026156036,0.006426590721726748,0.0012740762946863524,0.00018736416098328712,0.0014614404556696394,0.00024357340927827324,0.002997826575732594,0.003316345649404182,0.0013490219590796672,0.0,0.00043093757026156036,0.0,0.0003934647380649029,1.873641609832871e-05,0.00011241849658997227,0.0,1.873641609832871e-05,1.873641609832871e-05,0.000131154912688301,0.0004871468185565465,5.620924829498614e-05,1.873641609832871e-05,0.0,0.0,1.873641609832871e-05,0.0,0.0,3.747283219665742e-05,0.0,0.0,7.494566439331484e-05,0.0,0.0,3.747283219665742e-05,0.0,0.0,0.0,0.0,0.0,0.0,0.0,0.0,0.0,1.873641609832871e-05,0.0,0.0,0.0,1.873641609832871e-05,0.0,0.0,0.0,0.0,0.0,0.0,0.0,0.0,0.0,0.0,0.0
<s>,0.07140494581395801,0.25524836079926844,0.07850652761834348,0.10366363795552269,0.0881374399284005,0.06634628480261494,0.0028211763332490225,0.005856372940054867,0.0,0.05177344981224585,0.03797887036208339,0.009728194252582836,0.05198747008580267,0.030935657723213418,0.009436348425005351,0.012043504484697551,0.03039087884506878,0.021518765686713234,0.0005836916551549701,0.02256941066599218,0.001245208864330603,0.010272973130727475,0.010175691188201646,0.0005058661011343074,0.0032297604918575013,0.0009728194252582835,0.0008755374827324552,0.0016732494114442477,0.007159950969900967,0.0035216063194349863,0.00015565110804132538,3.8912777010331344e-05,0.0001361947195361597,0.00031130221608265075,3.8912777010331344e-05,0.002256941066599218,0.00031130221608265075,0.001770531353970076,0.0,7.782555402066269e-05,1.9456388505165672e-05,1.9456388505165672e-05,0.0002140202735568224,0.0,0.0005058661011343074,3.8912777010331344e-05,0.0016343366344339163,0.001595423857423585,0.00017510749654649105,0.0,0.0,5.8369165515497016e-05,0.0,0.0,0.0,0.0,1.9456388505165672e-05,0.0,0.0,0.0,0.0,0.0,0.0,0.0,0.0,0.0,1.9456388505165672e-05,0.0,0.0,0.0,0.0,0.0,0.0,0.0,1.9456388505165672e-05,0.0,1.9456388505165672e-05,0.0,0.0,0.0,0.0,0.0,0.0
ADV,0.015235050402896943,0.05010928783479594,0.004371513391837667,0.06537696147196033,0.2512967735621309,0.056568688219750106,0.09346556617623071,0.10478582846703423,0.03895214171532966,0.09920725540730108,0.009036635892082341,0.050663882817342513,0.006687763024826281,0.009689100577431246,0.008025315629791538,0.0559162235344012,0.03092682608553812,0.016866212116269208,0.00016311617133722638,0.005480703356930806,0.002707728444197958,0.0010439434965582488,0.007013995367500734,0.004045281049163214,0.0001304929370697811,0.0015332920105699279,0.00016311617133722638,0.0012396829021629205,0.0014027990735001469,0.0011744364336280298,0.002772974912732848,0.0005872182168140149,0.001761654650442045,0.00016311617133722638,9.786970280233583e-05,0.0,0.00022836263987211693,0.0,0.0004893485140116792,0.0,0.0,0.0001304929370697811,0.0,9.786970280233583e-05,0.0001304929370697811,0.0,0.0,0.0,0.0,0.0,0.0,0.0,3.2623234267445275e-05,0.0,9.786970280233583e-05,0.0,0.0,0.0,3.2623234267445275e-05,0.0,0.0,0.0,0.0,6.524646853489055e-05,0.0,0.0,0.0,3.2623234267445275e-05,0.0,0.0,0.0,0.0,0.0,0.0,0.0,0.0,0.0,0.0,0.0,0.0,0.0,0.0,0.0
KC,0.18944165310310665,0.12546882740075013,0.0833274361333239,0.0520486872832779,0.1358714882173944,0.05930224329488359,0.0447597480716156,0.053782464086051945,0.0013445616021512986,0.05594083928950534,0.008668884013870214,0.01825773122921237,0.01383483122213573,0.025015922440025477,0.022751397636402236,0.0191423112306277,0.01928384403085415,0.011641072818625716,0.005732078409171325,0.015745524025192838,0.00021229920033967873,0.0003184488005095181,0.01450711202321138,0.00010614960016983937,0.004316750406906801,0.000601514400962423,0.0022645248036232395,0.005130564008208902,0.0047767320076427715,0.0016276272026042036,3.538320005661312e-05,3.538320005661312e-05,3.538320005661312e-05,0.0008138136013021018,0.0003538320005661312,0.0005661312009058099,0.0005307480008491968,0.0003892152006227443,0.000601514400962423,0.0001769160002830656,0.0006722808010756493,7.076640011322624e-05,0.00010614960016983937,0.0,0.00021229920033967873,3.538320005661312e-05,0.0,0.0,3.538320005661312e-05,0.0,0.0,0.0,0.0,0.0,0.0,0.0,0.0,0.0,0.0,3.538320005661312e-05,0.0,0.0,0.0,0.0,0.0,0.0,0.0,0.0,3.538320005661312e-05,0.0,0.0,0.0,0.0,0.0,0.0,0.0,0.0,0.0,3.538320005661312e-05,0.0,0.0,0.0,0.0
PCP,0.03641953923436688,0.041875974363415905,0.006798891390957907,0.30187943876667245,0.021825740516196086,0.26000346440325656,0.07929152953403776,0.0077082972457994114,0.07959466481898493,0.040533518101507016,0.02888446215139442,0.012688376927074311,0.020310064091460245,0.006712281309544431,0.00801143253074658,0.005153299844101854,0.0012558461804954098,0.009050753507708297,0.00199203187250996,0.0023384721981638663,0.003637623419366014,0.004200588948553611,0.005586350251169236,0.0028581326866447257,4.3305040706738266e-05,0.002944742768058202,0.0002598302442404296,0.0004763554477741209,0.0003897453663606444,0.0007361856920145505,0.0011692360990819331,0.002944742768058202,0.0010393209769617184,0.0,0.00021652520353369133,0.0,0.0003897453663606444,0.0,0.0002598302442404296,0.0,0.0,0.0,0.0002598302442404296,4.3305040706738266e-05,0.0,8.661008141347653e-05,0.0,0.0,4.3305040706738266e-05,0.0,4.3305040706738266e-05,0.0,0.0,0.0,4.3305040706738266e-05,0.0,0.0,0.0,0.0,0.0,0.0,0.0,0.0,0.0,0.0,0.0,0.0,0.0,0.0,0.0,0.0,0.0,0.0,0.0,0.0,0.0,0.0,0.0,0.0,0.0,0.0,0.0,0.0
"""",0.0938345436423181,0.05083297736010252,0.18785893967440315,0.037685699368740805,0.08120935972281551,0.02895248943946082,0.182068441786511,0.025630072618539085,0.10907019792111633,0.02643694527504865,0.023161991551568655,0.008828136124163463,0.004224215672314775,0.009255304001139114,0.0013764298258104324,0.01395415064787128,0.013574445868337368,0.009397693293464331,0.0032749537234799944,0.0070245384213773795,0.010916512411599981,0.028667710854810385,0.003939437087664341,0.0018510608002278229,0.0006170202667426076,0.004081826379989558,0.021785561725758223,9.49261948834781e-05,0.0015188191181356495,0.0005220940718591295,0.0015188191181356495,0.0016137453130191275,0.0004746309744173905,0.0,9.49261948834781e-05,0.0,0.0003322416820921733,0.0013289667283686933,0.0001898523897669562,4.746309744173905e-05,0.0,0.0017086715079026058,9.49261948834781e-05,4.746309744173905e-05,9.49261948834781e-05,4.746309744173905e-05,0.0,0.0,0.0001898523897669562,4.746309744173905e-05,9.49261948834781e-05,0.0,9.49261948834781e-05,0.0,0.0,0.0,9.49261948834781e-05,0.0,0.0,9.49261948834781e-05,0.0,0.0,0.0,0.0,0.0,0.0,0.0,9.49261948834781e-05,0.0,0.0,0.0,0.0,0.0,0.0,0.0,0.0,0.0,0.0,0.0,0.0,0.0,0.0,4.746309744173905e-05
PROADJ,0.8042449447870357,0.05215354462450404,0.011042592858167216,0.003441847124623548,0.00234236818203547,0.0030116162340456045,0.004541326067211626,0.037955925235431905,0.003728667718342177,0.0017687269945982121,0.0018643338591710886,0.0024857784788947846,0.009178258998996129,0.016300970409675413,0.018834552320856637,0.00038242745829150535,0.002294564749749032,0.0016731201300253357,0.0008126583488694488,0.01539270519623309,0.00047803432286438167,9.560686457287634e-05,0.00019121372914575267,0.00038242745829150535,0.0,0.000286820593718629,0.0033462402600506714,0.0008126583488694488,0.0001434102968593145,0.00019121372914575267,0.0001434102968593145,9.560686457287634e-05,0.00023901716143219084,0.0,0.0,0.0,9.560686457287634e-05,0.0,0.0,0.0,4.780343228643817e-05,0.0,0.0,0.0,0.0,0.0,0.0,0.0,0.0,0.0,0.0,0.0,0.0,0.0,0.0,0.0,0.0,0.0,0.0,0.0,0.0,0.0,0.0,0.0,0.0,0.0,0.0,0.0,0.0,0.0,0.0,0.0,0.0,0.0,0.0,0.0,0.0,0.0,0.0,0.0,0.0,0.0,0.0
NUM,0.7532854776366649,0.0038100496963003865,0.0043622308117062395,0.021479845389287686,0.0021535063500828272,0.00966316951960243,0.059525124240750966,0.013859745996686913,0.034676974047487576,0.0012147984538928768,0.012810601877415792,0.001270016565433462,0.001601325234676974,0.0018221976808393153,0.048481501932633904,0.0003865267807840972,5.521811154058531e-05,0.00016565433462175595,0.0004969630038652678,0.0010491441192711209,0.008282716731087797,0.011043622308117063,0.0002760905577029266,5.521811154058531e-05,0.00022087244616234125,0.0021535063500828272,0.003754831584759801,0.00022087244616234125,0.0,5.521811154058531e-05,0.0,0.0009387078961899503,0.00011043622308117063,0.0,0.0,5.521811154058531e-05,0.0,0.0,0.0,0.0,0.0,0.0,0.0,0.0,0.0,0.0006073992269464384,0.0,0.0,0.0,0.0,0.0,0.0,0.0,5.521811154058531e-05,0.0,0.0,0.0,0.0,0.0,0.0,0.0,0.0,0.0,0.0,0.0,0.0,0.0,0.0,0.0,0.0,0.0,0.0,0.0,0.0,0.0,0.0,0.0,0.0,0.0,0.0,0.0,0.0,0.0
VAUX,0.000616868550919695,0.0008972633467922835,0.0,0.07178106774338268,0.34011888739345,0.00022431583669807088,0.002635711081202333,0.00011215791834903544,0.0002803947958725886,0.015533871691341409,0.0011215791834903544,0.43057424854194704,0.003476895468820099,0.00039255271422162407,0.00011215791834903544,0.07823014804845221,0.023272768057424856,0.0177209510991476,0.0,0.0005607895917451772,0.0,0.0,0.0044302377747869,0.0,0.0,0.0,0.0,0.0,0.007738896366083445,0.0,0.0,0.0,0.0,0.0,0.0,0.0,0.00011215791834903544,0.0,0.0,0.0,0.0,0.0,0.0,0.0,5.607895917451772e-05,0.0,0.0,0.0,0.0,0.0,0.0,0.0,0.0,0.0,0.0,0.0,0.0,0.0,0.0,0.0,0.0,0.0,0.0,0.0,0.0,0.0,0.0,0.0,0.0,0.0,0.0,0.0,0.0,0.0,0.0,0.0,0.0,0.0,0.0,0.0,0.0,0.0,0.0
PROPESS,0.011346650360103275,0.023984236988721295,0.0019703764098382933,0.05027857045794266,0.5755537437151786,0.03139013452914798,0.05917923630928115,0.007677673596956108,0.031797798613942115,0.051093898627530915,0.009987770077456177,0.012161978529691534,0.006794401413235494,0.01073515423291208,0.0014268242967794538,0.06250849300176654,0.01800516374507406,0.008764777823073788,0.0019703764098382933,0.0012909362685147438,0.001155048240250034,0.0012229922543823889,0.008900665851338497,0.0024459845087647777,6.794401413235494e-05,0.001087104226117679,0.00020383204239706482,0.00013588802826470988,0.0012909362685147438,0.0003397200706617747,0.003261312678353037,0.0003397200706617747,0.0009512161978529692,0.00013588802826470988,0.0,0.0,0.00020383204239706482,0.0,0.00013588802826470988,0.0,0.0,0.0,0.00013588802826470988,0.0,0.0,0.0,0.0,0.0,0.0,0.0,0.0,0.0,0.0,0.0,0.0,0.0,0.0,0.0,0.0,0.0,6.794401413235494e-05,0.0,0.0,0.0,0.0,0.0,0.0,0.0,0.0,0.0,0.0,0.0,0.0,0.0,0.0,0.0,0.0,0.0,0.0,0.0,0.0,0.0,0.0
KS,0.020251396648044692,0.2993715083798883,0.029539106145251397,0.019483240223463687,0.19350558659217876,0.017667597765363127,0.029539106145251397,0.005167597765363128,0.0004189944134078212,0.06159217877094972,0.0004189944134078212,0.005307262569832402,0.010754189944134079,0.040991620111731845,0.00782122905027933,0.045670391061452514,0.0752094972067039,0.09783519553072625,6.983240223463687e-05,0.02702513966480447,0.0,6.983240223463687e-05,0.008170391061452514,0.00013966480446927373,0.0,0.00027932960893854746,0.0004888268156424581,0.00013966480446927373,0.0008379888268156424,0.0013966480446927375,0.0,0.0,0.0,0.0,0.0,0.0,0.00034916201117318437,0.0,0.00013966480446927373,0.0,0.0,0.0,0.00013966480446927373,0.0,0.0002094972067039106,0.0,0.0,0.0,0.0,0.0,0.0,0.0,0.0,0.0,0.0,0.0,0.0,0.0,0.0,0.0,0.0,0.0,0.0,0.0,0.0,0.0,0.0,0.0,0.0,0.0,0.0,0.0,0.0,0.0,0.0,0.0,0.0,0.0,0.0,0.0,0.0,0.0,0.0
PRO-KS-REL,0.020357803824799507,0.06495108839340795,0.01683264298933639,0.010487353485502776,0.5256014805675508,0.007490966775359126,0.021415352075438442,0.0014981933550718251,8.812902088657794e-05,0.07587908698334361,0.0008812902088657794,0.0008812902088657794,0.003260773772803384,0.006169031462060457,0.0014100643341852471,0.09235921388913369,0.09676566493346259,0.0007931611879792016,0.03533973737551776,0.005199612232308099,0.0,8.812902088657794e-05,0.010222966422843042,8.812902088657794e-05,0.0,0.0003525160835463118,8.812902088657794e-05,0.0001762580417731559,0.0005287741253194677,0.0003525160835463118,0.0,0.0,0.0,0.0,0.0,0.0,0.0001762580417731559,0.0,0.0,0.0,0.0,0.0,0.00026438706265973383,0.0,0.0,0.0,0.0,0.0,0.0,0.0,0.0,0.0,0.0,0.0,0.0,0.0,0.0,0.0,0.0,0.0,0.0,0.0,0.0,0.0,0.0,0.0,0.0,0.0,0.0,0.0,0.0,0.0,0.0,0.0,0.0,0.0,0.0,0.0,0.0,0.0,0.0,0.0,0.0
PROSUB,0.00628053035589672,0.018376366596882996,0.00314026517794836,0.08909048615957199,0.17597115608280994,0.18527564549895326,0.10234938357757618,0.011979530123284485,0.06361944638287974,0.05454756920214003,0.011165387299371946,0.01360781577110956,0.010700162828564782,0.008955571063037916,0.0005815305885089556,0.031751570132588974,0.021051407304024192,0.011397999534775528,0.11270062805303559,0.027680856013026285,0.0034891835310537334,0.001977204000930449,0.006745754826703885,0.00418702023726448,0.00023261223540358222,0.0024424284717376133,0.0,0.00011630611770179111,0.0012793672947197022,0.002907652942544778,0.0065131425913003025,0.0015119795301232846,0.0046522447080716445,0.0009304489416143289,0.0018608978832286578,0.0,0.00011630611770179111,0.00023261223540358222,0.0,0.0,0.0,0.0,0.0,0.0,0.00011630611770179111,0.00011630611770179111,0.0,0.0,0.0,0.0,0.0,0.0,0.0,0.0,0.0,0.0,0.0,0.0,0.0,0.0,0.00023261223540358222,0.00011630611770179111,0.0,0.0,0.0,0.0,0.0,0.0,0.0,0.0,0.0,0.0,0.0,0.0,0.0,0.0,0.0,0.0,0.0,0.0,0.0,0.0,0.0
),0.0319080222193515,0.015372690866813074,0.017439607285880378,0.045213796667097274,0.08022219351504974,0.03255393360031004,0.2685699522025578,0.00477974421909314,0.28730138225035523,0.014210050381087715,0.09985789949618912,0.007621754295310684,0.008655212504844335,0.0032295569047926624,0.000516729104766826,0.020023252809714506,0.0037462860095594883,0.0037462860095594883,0.007492572019118977,0.0037462860095594883,0.000516729104766826,0.002066916419067304,0.004133832838134608,0.005813202428626792,0.0003875468285751195,0.011884769409636998,0.0001291822761917065,0.000258364552383413,0.0011626404857253585,0.000258364552383413,0.000775093657150239,0.008655212504844335,0.000258364552383413,0.003100374628600956,0.000516729104766826,0.000258364552383413,0.001033458209533652,0.0016793695904921844,0.0001291822761917065,0.0001291822761917065,0.0001291822761917065,0.0,0.0,0.000258364552383413,0.0,0.000258364552383413,0.0,0.0,0.0,0.0,0.0,0.0,0.0,0.0,0.0,0.0,0.0,0.0,0.0,0.0,0.0,0.0,0.0,0.0,0.0,0.0,0.0,0.0,0.0,0.0,0.0,0.0,0.0,0.0,0.0,0.0,0.0,0.0,0.0,0.0,0.0,0.0,0.0
(,0.23207571632309087,0.025930247633864905,0.33968624400363023,0.04343316478672371,0.04343316478672371,0.018280824581874758,0.000518604952677298,0.017632568391028135,0.006223259432127577,0.014520938674964345,0.014261636198625697,0.009594191624530015,0.02268896667963179,0.004278490859587709,0.0460261895501102,0.002074419810709192,0.002204071048878517,0.005704654479450279,0.012576170102424478,0.004926747050434332,0.03941397640347465,0.0001296512381693245,0.005575003241280954,0.0,0.0031116297160637884,0.004926747050434332,0.003241280954233113,0.019577336963568,0.004408142097757034,0.00038895371450797355,0.0001296512381693245,0.0,0.0001296512381693245,0.0018151173343705432,0.0019447685725398677,0.024244781537663684,0.0001296512381693245,0.000518604952677298,0.000259302476338649,0.01750291715285881,0.002204071048878517,0.0,0.000259302476338649,0.0,0.0001296512381693245,0.0,0.0,0.0,0.0001296512381693245,0.0036302346687410864,0.0,0.0,0.0,0.0,0.0,0.0,0.0,0.0,0.0,0.0,0.0,0.0,0.0,0.0,0.0,0.0,0.0,0.0,0.0,0.0,0.0,0.0,0.0001296512381693245,0.0,0.0,0.0,0.0,0.0,0.0,0.0,0.0,0.0,0.0
PDEN,0.04833480695549661,0.09946949602122016,0.00825228411435308,0.08399646330680813,0.1781609195402299,0.054229295608605954,0.10565870910698497,0.015178308281756557,0.023283230179781903,0.032419687592101384,0.001031535514294135,0.013262599469496022,0.004862953138815208,0.013262599469496022,0.05319776009431182,0.05201886236368995,0.020041261420571766,0.02681992337164751,0.001031535514294135,0.01237842617152962,0.0073681108163866785,0.0002947244326554671,0.13071028588269967,0.002799882110226938,0.0,0.0005894488653109342,0.001031535514294135,0.00412614205717654,0.001031535514294135,0.001326259946949602,0.0014736221632773356,0.0004420866489832007,0.0004420866489832007,0.0002947244326554671,0.0,0.0,0.0,0.0,0.0002947244326554671,0.0,0.0,0.0,0.0,0.0,0.0,0.0,0.0,0.0,0.0,0.0,0.0,0.0,0.0,0.0,0.0,0.0,0.0,0.0,0.0002947244326554671,0.0,0.0,0.0,0.0,0.0004420866489832007,0.0,0.0,0.0,0.0,0.00014736221632773356,0.0,0.0,0.0,0.0,0.0,0.0,0.0,0.0,0.0,0.0,0.0,0.0,0.0,0.0
:,0.058343230403800475,0.06472684085510688,0.34723871733966744,0.019002375296912115,0.03251187648456057,0.008907363420427554,0.0005938242280285036,0.003859857482185273,0.0019299287410926365,0.011728028503562945,0.0029691211401425177,0.004453681710213777,0.08788598574821853,0.006680522565320665,0.009946555819477435,0.0025237529691211403,0.003859857482185273,0.005492874109263658,0.0004453681710213777,0.010540380047505939,0.0011876484560570072,0.0025237529691211403,0.0020783847980997625,0.0,0.27508907363420426,0.006086698337292162,0.0004453681710213777,0.015736342042755345,0.0034144893111638956,0.0010391923990498812,0.0,0.0,0.0,0.0001484560570071259,0.0,0.0,0.0005938242280285036,0.0004453681710213777,0.0002969121140142518,0.006532066508313539,0.0004453681710213777,0.0,0.0,0.0,0.0,0.0,0.0,0.0,0.0,0.0,0.0,0.0,0.0,0.0,0.0,0.0001484560570071259,0.0,0.0,0.0,0.0,0.0,0.0,0.0,0.0,0.0,0.0,0.0,0.0,0.0,0.0,0.0,0.0001484560570071259,0.0,0.0,0.0,0.0,0.0,0.0,0.0,0.0,0.0,0.0,0.0
N|AP,0.20022988505747127,0.05540229885057471,0.15333333333333332,0.08620689655172414,0.03494252873563218,0.04459770114942529,0.1588505747126437,0.011264367816091954,0.06827586206896552,0.008505747126436782,0.038620689655172416,0.004137931034482759,0.021379310344827585,0.0016091954022988506,0.002988505747126437,0.005977011494252874,0.003218390804597701,0.0020689655172413794,0.001379310344827586,0.004137931034482759,0.02689655172413793,0.006206896551724138,0.0016091954022988506,0.00022988505747126436,0.008045977011494253,0.029885057471264367,0.005977011494252874,0.00022988505747126436,0.0004597701149425287,0.0,0.000689655172413793,0.004137931034482759,0.0,0.0,0.0,0.0,0.005747126436781609,0.0016091954022988506,0.0,0.00022988505747126436,0.0,0.0,0.0,0.0,0.0,0.00022988505747126436,0.0,0.0,0.00022988505747126436,0.0,0.00022988505747126436,0.0,0.0,0.0,0.0,0.0,0.0,0.0,0.0,0.0,0.0,0.0,0.0,0.0,0.0,0.0,0.0,0.0,0.0,0.0,0.0,0.0,0.0,0.0,0.0,0.0,0.00022988505747126436,0.0,0.0,0.0,0.0,0.0,0.0
-,0.12094963105550209,0.13763233878729547,0.07250561437279435,0.08950914340712224,0.09913378248315688,0.057427013153673406,0.05229387231312159,0.01507860121912095,0.0028873917228103944,0.04427333974975938,0.06865575874238049,0.025024061597690085,0.015399422521655439,0.00930381777350016,0.03689444979146615,0.02213666987487969,0.012191209496310555,0.017645171639396856,0.03208213025344883,0.015399422521655439,0.0028873917228103944,0.004812319538017324,0.012512030798845043,0.0,0.0025665704202759063,0.002245749117741418,0.0012832852101379532,0.004812319538017324,0.006416426050689766,0.003208213025344883,0.0,0.0003208213025344883,0.0,0.0016041065126724415,0.0028873917228103944,0.0,0.0006416426050689766,0.0028873917228103944,0.0003208213025344883,0.0012832852101379532,0.0003208213025344883,0.0,0.0003208213025344883,0.0009624639076034649,0.0003208213025344883,0.0,0.0,0.0,0.0,0.0,0.0,0.0006416426050689766,0.0,0.0,0.0,0.0,0.0,0.0,0.0,0.0,0.0,0.0,0.0,0.0,0.0,0.0,0.0,0.0,0.0003208213025344883,0.0,0.0,0.0,0.0,0.0,0.0,0.0,0.0,0.0,0.0,0.0,0.0,0.0,0.0
N|EST,0.015675097969362308,0.005343783398646241,0.0399002493765586,0.12219451371571072,0.053081581759886,0.0883505521909512,0.08122550765942287,0.057712860705379405,0.06376914855717848,0.012112575703598147,0.033843961524759526,0.014962593516209476,0.18311364446027786,0.0010687566797292483,0.0010687566797292483,0.013537584609903812,0.0007125044531528322,0.0014250089063056644,0.010687566797292483,0.0003562522265764161,0.0110438190238689,0.02173138582116138,0.003562522265764161,0.005343783398646241,0.0017812611328820805,0.004275026718916993,0.13110081938012114,0.0,0.0,0.0,0.003918774492340577,0.0017812611328820805,0.0014250089063056644,0.0,0.0007125044531528322,0.0003562522265764161,0.006056287851799074,0.0,0.0,0.0,0.0,0.003206270039187745,0.0,0.0,0.0,0.0003562522265764161,0.0,0.0,0.0007125044531528322,0.0,0.0,0.0,0.0,0.0,0.0,0.0,0.0,0.0,0.0,0.0,0.0,0.0,0.0,0.0,0.0,0.0014250089063056644,0.0,0.0,0.0,0.0,0.0007125044531528322,0.0,0.0,0.0,0.0003562522265764161,0.0,0.0,0.0,0.0,0.0,0.0,0.0,0.0
CUR,0.008130081300813009,0.0,0.0,0.0,0.0003695491500369549,0.0,0.0,0.0,0.0018477457501847746,0.0,0.0,0.0003695491500369549,0.0,0.0,0.9863266814486327,0.0007390983000739098,0.0,0.0,0.0,0.0,0.0003695491500369549,0.0011086474501108647,0.0,0.0,0.0,0.0,0.0,0.0007390983000739098,0.0,0.0,0.0,0.0,0.0,0.0,0.0,0.0,0.0,0.0,0.0,0.0,0.0,0.0,0.0,0.0,0.0,0.0,0.0,0.0,0.0,0.0,0.0,0.0,0.0,0.0,0.0,0.0,0.0,0.0,0.0,0.0,0.0,0.0,0.0,0.0,0.0,0.0,0.0,0.0,0.0,0.0,0.0,0.0,0.0,0.0,0.0,0.0,0.0,0.0,0.0,0.0,0.0,0.0,0.0
V|+,0.0008428150021070375,0.00042140750105351877,0.00042140750105351877,0.00042140750105351877,0.00042140750105351877,0.0,0.0,0.0,0.0,0.00042140750105351877,0.00042140750105351877,0.0,0.0,0.0,0.0,0.0,0.9962073324905183,0.0,0.0,0.0,0.0,0.0,0.0,0.00042140750105351877,0.0,0.0,0.0,0.0,0.0,0.0,0.0,0.0,0.0,0.0,0.0,0.0,0.0,0.0,0.0,0.0,0.0,0.0,0.0,0.0,0.0,0.0,0.0,0.0,0.0,0.0,0.0,0.0,0.0,0.0,0.0,0.0,0.0,0.0,0.0,0.0,0.0,0.0,0.0,0.0,0.0,0.0,0.0,0.0,0.0,0.0,0.0,0.0,0.0,0.0,0.0,0.0,0.0,0.0,0.0,0.0,0.0,0.0,0.0
PRO-KS,0.031162790697674417,0.04372093023255814,0.0074418604651162795,0.004651162790697674,0.37069767441860463,0.0032558139534883722,0.0074418604651162795,0.0,0.00046511627906976747,0.04976744186046512,0.0018604651162790699,0.0,0.0013953488372093023,0.0051162790697674414,0.0,0.06372093023255813,0.06604651162790698,0.0009302325581395349,0.0,0.004651162790697674,0.0,0.0,0.0027906976744186047,0.0,0.0,0.00046511627906976747,0.0,0.0,0.0,0.33348837209302323,0.0009302325581395349,0.0,0.0,0.0,0.0,0.0,0.0,0.0,0.0,0.0,0.0,0.0,0.0,0.0,0.0,0.0,0.0,0.0,0.0,0.0,0.0,0.0,0.0,0.0,0.0,0.0,0.0,0.0,0.0,0.0,0.0,0.0,0.0,0.0,0.0,0.0,0.0,0.0,0.0,0.0,0.0,0.0,0.0,0.0,0.0,0.0,0.0,0.0,0.0,0.0,0.0,0.0,0.0
?,0.045033112582781455,0.09801324503311258,0.041721854304635764,0.04039735099337748,0.16688741721854305,0.02185430463576159,0.005960264900662252,0.008609271523178808,0.015231788079470199,0.13973509933774833,0.0390728476821192,0.0026490066225165563,0.0814569536423841,0.04039735099337748,0.0026490066225165563,0.019205298013245033,0.056291390728476824,0.02913907284768212,0.0,0.0423841059602649,0.00728476821192053,0.024503311258278145,0.012582781456953643,0.0,0.0,0.011920529801324504,0.0,0.0006622516556291391,0.005298013245033113,0.0033112582781456954,0.0026490066225165563,0.0006622516556291391,0.018543046357615896,0.0,0.0,0.0,0.001986754966887417,0.012582781456953643,0.0,0.0,0.0,0.0,0.0006622516556291391,0.0,0.0006622516556291391,0.0,0.0,0.0,0.0,0.0,0.0,0.0,0.0,0.0,0.0,0.0,0.0,0.0,0.0,0.0,0.0,0.0,0.0,0.0,0.0,0.0,0.0,0.0,0.0,0.0,0.0,0.0,0.0,0.0,0.0,0.0,0.0,0.0,0.0,0.0,0.0,0.0,0.0
;,0.2928779069767442,0.09738372093023256,0.1744186046511628,0.06831395348837209,0.06177325581395349,0.03488372093023256,0.0007267441860465116,0.0188953488372093,0.0007267441860465116,0.032703488372093026,0.08793604651162791,0.007994186046511628,0.015988372093023256,0.011627906976744186,0.007994186046511628,0.00944767441860465,0.013808139534883721,0.013808139534883721,0.0,0.015261627906976744,0.0007267441860465116,0.0,0.00436046511627907,0.0,0.0029069767441860465,0.0029069767441860465,0.005087209302325582,0.0029069767441860465,0.00436046511627907,0.0007267441860465116,0.0,0.002180232558139535,0.0,0.0,0.0,0.0,0.0,0.0014534883720930232,0.0,0.0014534883720930232,0.003633720930232558,0.0007267441860465116,0.0,0.0,0.0,0.0,0.0,0.0,0.0,0.0,0.0,0.0,0.0,0.0,0.0,0.0,0.0,0.0,0.0,0.0,0.0,0.0,0.0,0.0,0.0,0.0,0.0,0.0,0.0,0.0,0.0,0.0,0.0,0.0,0.0,0.0,0.0,0.0,0.0,0.0,0.0,0.0,0.0
!,0.07616974972796518,0.04570184983677911,0.05005440696409141,0.01632208922742111,0.1501632208922742,0.015233949945593036,0.003264417845484222,0.014145810663764961,0.06855277475516866,0.06637649619151251,0.06855277475516866,0.006528835690968444,0.056583242655059846,0.02176278563656148,0.0,0.023939064200217627,0.042437431991294884,0.02176278563656148,0.0,0.02720348204570185,0.01632208922742111,0.08161044613710555,0.014145810663764961,0.0,0.0,0.00544069640914037,0.0,0.0,0.007616974972796518,0.002176278563656148,0.004352557127312296,0.002176278563656148,0.02720348204570185,0.0,0.0,0.0,0.002176278563656148,0.05984766050054407,0.001088139281828074,0.001088139281828074,0.0,0.0,0.0,0.0,0.0,0.0,0.0,0.0,0.0,0.0,0.0,0.0,0.0,0.0,0.0,0.0,0.0,0.0,0.0,0.0,0.0,0.0,0.0,0.0,0.0,0.0,0.0,0.0,0.0,0.0,0.0,0.0,0.0,0.0,0.0,0.0,0.0,0.0,0.0,0.0,0.0,0.0,0.0
N|HOR,0.018619934282584884,0.01533406352683461,0.007667031763417305,0.11281489594742607,0.004381161007667032,0.20262869660460023,0.2913472070098576,0.001095290251916758,0.17853231106243153,0.0065717415115005475,0.05257393209200438,0.0,0.0032858707557502738,0.0,0.0,0.0,0.0032858707557502738,0.001095290251916758,0.0,0.004381161007667032,0.0032858707557502738,0.029572836801752465,0.001095290251916758,0.0,0.0,0.04381161007667032,0.001095290251916758,0.0,0.0,0.0,0.0,0.01642935377875137,0.0,0.001095290251916758,0.0,0.0,0.0,0.0,0.0,0.0,0.0,0.0,0.0,0.0,0.0,0.0,0.0,0.0,0.0,0.0,0.0,0.0,0.0,0.0,0.0,0.0,0.0,0.0,0.0,0.0,0.0,0.0,0.0,0.0,0.0,0.0,0.0,0.0,0.0,0.0,0.0,0.0,0.0,0.0,0.0,0.0,0.0,0.0,0.0,0.0,0.0,0.0,0.0
ADV-KS-REL,0.022271714922048998,0.2750556792873051,0.036748329621380846,0.013363028953229399,0.32293986636971045,0.01002227171492205,0.021158129175946547,0.0011135857461024498,0.0,0.0378619153674833,0.0,0.0,0.0033407572383073497,0.013363028953229399,0.014476614699331848,0.09465478841870824,0.10467706013363029,0.0,0.0,0.013363028953229399,0.0,0.0011135857461024498,0.008908685968819599,0.0,0.0,0.0,0.0,0.0,0.0022271714922048997,0.0022271714922048997,0.0,0.0,0.0,0.0,0.0011135857461024498,0.0,0.0,0.0,0.0,0.0,0.0,0.0,0.0,0.0,0.0,0.0,0.0,0.0,0.0,0.0,0.0,0.0,0.0,0.0,0.0,0.0,0.0,0.0,0.0,0.0,0.0,0.0,0.0,0.0,0.0,0.0,0.0,0.0,0.0,0.0,0.0,0.0,0.0,0.0,0.0,0.0,0.0,0.0,0.0,0.0,0.0,0.0,0.0
N|TEL,0.0023094688221709007,0.0,0.0011547344110854503,0.0011547344110854503,0.0,0.0,0.09468822170900693,0.0,0.04503464203233257,0.0011547344110854503,0.015011547344110854,0.0,0.0,0.0,0.0,0.0,0.0,0.0,0.0,0.0,0.42725173210161665,0.0011547344110854503,0.0,0.0,0.0,0.0,0.0,0.0,0.0,0.0,0.0,0.0023094688221709007,0.0,0.0,0.0,0.40877598152424943,0.0,0.0,0.0,0.0,0.0,0.0,0.0,0.0,0.0,0.0,0.0,0.0,0.0,0.0,0.0,0.0,0.0,0.0,0.0,0.0,0.0,0.0,0.0,0.0,0.0,0.0,0.0,0.0,0.0,0.0,0.0,0.0,0.0,0.0,0.0,0.0,0.0,0.0,0.0,0.0,0.0,0.0,0.0,0.0,0.0,0.0,0.0
',0.12352941176470589,0.01764705882352941,0.25098039215686274,0.03725490196078431,0.13529411764705881,0.021568627450980392,0.08823529411764706,0.025490196078431372,0.13725490196078433,0.023529411764705882,0.029411764705882353,0.01568627450980392,0.0,0.00392156862745098,0.0,0.0058823529411764705,0.00784313725490196,0.00196078431372549,0.00196078431372549,0.00784313725490196,0.00196078431372549,0.00784313725490196,0.00196078431372549,0.0,0.00196078431372549,0.00196078431372549,0.0196078431372549,0.0,0.00392156862745098,0.0,0.00196078431372549,0.0058823529411764705,0.0,0.0,0.0,0.0,0.00980392156862745,0.00392156862745098,0.0,0.0,0.0,0.00392156862745098,0.0,0.0,0.0,0.0,0.0,0.0,0.0,0.0,0.0,0.0,0.0,0.0,0.0,0.0,0.0,0.0,0.0,0.0,0.0,0.0,0.0,0.0,0.0,0.0,0.0,0.0,0.0,0.0,0.0,0.0,0.0,0.0,0.0,0.0,0.0,0.0,0.0,0.0,0.0,0.0,0.0
IN,0.03132530120481928,0.014457831325301205,0.043373493975903614,0.007228915662650603,0.0024096385542168677,0.0024096385542168677,0.2987951807228916,0.0,0.0891566265060241,0.0024096385542168677,0.0,0.0024096385542168677,0.024096385542168676,0.004819277108433735,0.0,0.0024096385542168677,0.0,0.007228915662650603,0.0,0.0,0.004819277108433735,0.004819277108433735,0.0,0.0024096385542168677,0.014457831325301205,0.0,0.0,0.0,0.0,0.0,0.060240963855421686,0.0,0.26987951807228916,0.0,0.0,0.0,0.0,0.1108433734939759,0.0,0.0,0.0,0.0,0.0,0.0,0.0,0.0,0.0,0.0,0.0,0.0,0.0,0.0,0.0,0.0,0.0,0.0,0.0,0.0,0.0,0.0,0.0,0.0,0.0,0.0,0.0,0.0,0.0,0.0,0.0,0.0,0.0,0.0,0.0,0.0,0.0,0.0,0.0,0.0,0.0,0.0,0.0,0.0,0.0
ADV-KS,0.025510204081632654,0.19642857142857142,0.012755102040816327,0.00510204081632653,0.41581632653061223,0.002551020408163265,0.017857142857142856,0.002551020408163265,0.015306122448979591,0.02040816326530612,0.002551020408163265,0.0,0.002551020408163265,0.03826530612244898,0.00510204081632653,0.05612244897959184,0.12244897959183673,0.002551020408163265,0.0,0.01020408163265306,0.0,0.0,0.007653061224489796,0.0,0.0,0.0,0.002551020408163265,0.0,0.01020408163265306,0.0,0.0,0.0,0.0,0.0,0.0,0.0,0.0,0.0,0.025510204081632654,0.0,0.0,0.0,0.0,0.0,0.0,0.0,0.0,0.0,0.0,0.0,0.0,0.0,0.0,0.0,0.0,0.0,0.0,0.0,0.0,0.0,0.0,0.0,0.0,0.0,0.0,0.0,0.0,0.0,0.0,0.0,0.0,0.0,0.0,0.0,0.0,0.0,0.0,0.0,0.0,0.0,0.0,0.0,0.0
N|DAT,0.0912280701754386,0.007017543859649123,0.056140350877192984,0.007017543859649123,0.02456140350877193,0.007017543859649123,0.07719298245614035,0.017543859649122806,0.056140350877192984,0.0,0.021052631578947368,0.0,0.010526315789473684,0.0,0.007017543859649123,0.007017543859649123,0.0,0.0,0.0,0.0,0.5719298245614035,0.014035087719298246,0.0,0.0,0.0,0.0,0.0,0.0,0.0,0.0,0.0,0.007017543859649123,0.0,0.0,0.0,0.0,0.0,0.0,0.0,0.017543859649122806,0.0,0.0,0.0,0.0,0.0,0.0,0.0,0.0,0.0,0.0,0.0,0.0,0.0,0.0,0.0,0.0,0.0,0.0,0.0,0.0,0.0,0.0,0.0,0.0,0.0,0.0,0.0,0.0,0.0,0.0,0.0,0.0,0.0,0.0,0.0,0.0,0.0,0.0,0.0,0.0,0.0,0.0,0.0
N|DAD,0.01568627450980392,0.0,0.023529411764705882,0.011764705882352941,0.0,0.0,0.1568627450980392,0.00392156862745098,0.050980392156862744,0.0,0.08627450980392157,0.0,0.0,0.0,0.0,0.0,0.0,0.0,0.0,0.0,0.06666666666666667,0.01568627450980392,0.0,0.0,0.0,0.00392156862745098,0.0,0.0,0.0,0.0,0.0,0.0196078431372549,0.0,0.0,0.0,0.0,0.0,0.0,0.0,0.0,0.5450980392156862,0.0,0.0,0.0,0.0,0.0,0.0,0.0,0.0,0.0,0.0,0.0,0.0,0.0,0.0,0.0,0.0,0.0,0.0,0.0,0.0,0.0,0.0,0.0,0.0,0.0,0.0,0.0,0.0,0.0,0.0,0.0,0.0,0.0,0.0,0.0,0.0,0.0,0.0,0.0,0.0,0.0,0.0
ADJ|EST,0.022988505747126436,0.011494252873563218,0.011494252873563218,0.09195402298850575,0.017241379310344827,0.06896551724137931,0.06321839080459771,0.017241379310344827,0.10344827586206896,0.0,0.022988505747126436,0.017241379310344827,0.14367816091954022,0.0,0.0,0.011494252873563218,0.0,0.0,0.005747126436781609,0.0,0.011494252873563218,0.011494252873563218,0.0,0.005747126436781609,0.0,0.011494252873563218,0.16666666666666666,0.0,0.0,0.0,0.005747126436781609,0.0,0.0,0.0,0.0,0.0,0.0,0.0,0.0,0.0,0.0,0.1724137931034483,0.0,0.0,0.0,0.0,0.0,0.0,0.005747126436781609,0.0,0.0,0.0,0.0,0.0,0.0,0.0,0.0,0.0,0.0,0.0,0.0,0.0,0.0,0.0,0.0,0.0,0.0,0.0,0.0,0.0,0.0,0.0,0.0,0.0,0.0,0.0,0.0,0.0,0.0,0.0,0.0,0.0,0.0
KC|[,0.027972027972027972,0.17482517482517482,0.04895104895104895,0.14685314685314685,0.08391608391608392,0.24475524475524477,0.0,0.09090909090909091,0.0,0.03496503496503497,0.0,0.006993006993006993,0.0,0.027972027972027972,0.0,0.0,0.013986013986013986,0.0,0.0,0.013986013986013986,0.0,0.0,0.0,0.0,0.0,0.0,0.0,0.0,0.0,0.0,0.0,0.0,0.0,0.0,0.0,0.0,0.0,0.0,0.0,0.0,0.0,0.0,0.07692307692307693,0.0,0.0,0.0,0.0,0.0,0.0,0.0,0.0,0.006993006993006993,0.0,0.0,0.0,0.0,0.0,0.0,0.0,0.0,0.0,0.0,0.0,0.0,0.0,0.0,0.0,0.0,0.0,0.0,0.0,0.0,0.0,0.0,0.0,0.0,0.0,0.0,0.0,0.0,0.0,0.0,0.0
KC|],0.03007518796992481,0.17293233082706766,0.045112781954887216,0.18796992481203006,0.06015037593984962,0.2556390977443609,0.015037593984962405,0.05263157894736842,0.0,0.022556390977443608,0.0,0.007518796992481203,0.022556390977443608,0.03007518796992481,0.0,0.022556390977443608,0.007518796992481203,0.0,0.0,0.022556390977443608,0.0,0.0,0.007518796992481203,0.0,0.0,0.0,0.0,0.0,0.0,0.0,0.0,0.0,0.0,0.0,0.0,0.0,0.0,0.0,0.0,0.0,0.0,0.0,0.0,0.022556390977443608,0.0,0.0,0.0,0.0,0.0,0.0,0.0,0.0,0.0,0.0,0.0,0.0,0.0,0.0,0.015037593984962405,0.0,0.0,0.0,0.0,0.0,0.0,0.0,0.0,0.0,0.0,0.0,0.0,0.0,0.0,0.0,0.0,0.0,0.0,0.0,0.0,0.0,0.0,0.0,0.0
VAUX|+,0.0,0.0,0.0,0.0,0.0,0.0,0.0,0.0,0.0,0.0,0.0,0.0,0.0,0.0,0.0,0.0,1.0,0.0,0.0,0.0,0.0,0.0,0.0,0.0,0.0,0.0,0.0,0.0,0.0,0.0,0.0,0.0,0.0,0.0,0.0,0.0,0.0,0.0,0.0,0.0,0.0,0.0,0.0,0.0,0.0,0.0,0.0,0.0,0.0,0.0,0.0,0.0,0.0,0.0,0.0,0.0,0.0,0.0,0.0,0.0,0.0,0.0,0.0,0.0,0.0,0.0,0.0,0.0,0.0,0.0,0.0,0.0,0.0,0.0,0.0,0.0,0.0,0.0,0.0,0.0,0.0,0.0,0.0
/,0.29473684210526313,0.021052631578947368,0.2631578947368421,0.10526315789473684,0.06315789473684211,0.021052631578947368,0.010526315789473684,0.010526315789473684,0.010526315789473684,0.0,0.031578947368421054,0.0,0.042105263157894736,0.0,0.010526315789473684,0.0,0.021052631578947368,0.021052631578947368,0.0,0.0,0.010526315789473684,0.0,0.0,0.0,0.0,0.010526315789473684,0.0,0.0,0.0,0.0,0.0,0.0,0.0,0.0,0.0,0.0,0.0,0.042105263157894736,0.0,0.0,0.0,0.0,0.0,0.0,0.0,0.010526315789473684,0.0,0.0,0.0,0.0,0.0,0.0,0.0,0.0,0.0,0.0,0.0,0.0,0.0,0.0,0.0,0.0,0.0,0.0,0.0,0.0,0.0,0.0,0.0,0.0,0.0,0.0,0.0,0.0,0.0,0.0,0.0,0.0,0.0,0.0,0.0,0.0,0.0
...,0.10714285714285714,0.05952380952380952,0.10714285714285714,0.03571428571428571,0.15476190476190477,0.011904761904761904,0.0,0.047619047619047616,0.0,0.10714285714285714,0.05952380952380952,0.0,0.0,0.023809523809523808,0.0,0.03571428571428571,0.023809523809523808,0.011904761904761904,0.0,0.03571428571428571,0.0,0.09523809523809523,0.0,0.0,0.0,0.0,0.0,0.0,0.011904761904761904,0.0,0.0,0.0,0.0,0.0,0.0,0.0,0.0,0.07142857142857142,0.0,0.0,0.0,0.0,0.0,0.0,0.0,0.0,0.0,0.0,0.0,0.0,0.0,0.0,0.0,0.0,0.0,0.0,0.0,0.0,0.0,0.0,0.0,0.0,0.0,0.0,0.0,0.0,0.0,0.0,0.0,0.0,0.0,0.0,0.0,0.0,0.0,0.0,0.0,0.0,0.0,0.0,0.0,0.0,0.0
.,0.036585365853658534,0.10975609756097561,0.21951219512195122,0.06097560975609756,0.0975609756097561,0.024390243902439025,0.04878048780487805,0.0,0.25609756097560976,0.0,0.0,0.012195121951219513,0.04878048780487805,0.012195121951219513,0.0,0.0,0.012195121951219513,0.0,0.0,0.0,0.0,0.024390243902439025,0.012195121951219513,0.0,0.0,0.012195121951219513,0.0,0.0,0.012195121951219513,0.0,0.0,0.0,0.0,0.0,0.0,0.0,0.0,0.0,0.0,0.0,0.0,0.0,0.0,0.0,0.0,0.0,0.0,0.0,0.0,0.0,0.0,0.0,0.0,0.0,0.0,0.0,0.0,0.0,0.0,0.0,0.0,0.0,0.0,0.0,0.0,0.0,0.0,0.0,0.0,0.0,0.0,0.0,0.0,0.0,0.0,0.0,0.0,0.0,0.0,0.0,0.0,0.0,0.0
$,0.16666666666666666,0.08333333333333333,0.16666666666666666,0.016666666666666666,0.16666666666666666,0.05,0.05,0.016666666666666666,0.05,0.0,0.03333333333333333,0.0,0.016666666666666666,0.0,0.0,0.0,0.0,0.0,0.0,0.0,0.05,0.05,0.016666666666666666,0.0,0.0,0.0,0.05,0.0,0.0,0.0,0.0,0.0,0.0,0.0,0.0,0.0,0.0,0.016666666666666666,0.0,0.0,0.0,0.0,0.0,0.0,0.0,0.0,0.0,0.0,0.0,0.0,0.0,0.0,0.0,0.0,0.0,0.0,0.0,0.0,0.0,0.0,0.0,0.0,0.0,0.0,0.0,0.0,0.0,0.0,0.0,0.0,0.0,0.0,0.0,0.0,0.0,0.0,0.0,0.0,0.0,0.0,0.0,0.0,0.0
NPROP|+,0.0,0.0,1.0,0.0,0.0,0.0,0.0,0.0,0.0,0.0,0.0,0.0,0.0,0.0,0.0,0.0,0.0,0.0,0.0,0.0,0.0,0.0,0.0,0.0,0.0,0.0,0.0,0.0,0.0,0.0,0.0,0.0,0.0,0.0,0.0,0.0,0.0,0.0,0.0,0.0,0.0,0.0,0.0,0.0,0.0,0.0,0.0,0.0,0.0,0.0,0.0,0.0,0.0,0.0,0.0,0.0,0.0,0.0,0.0,0.0,0.0,0.0,0.0,0.0,0.0,0.0,0.0,0.0,0.0,0.0,0.0,0.0,0.0,0.0,0.0,0.0,0.0,0.0,0.0,0.0,0.0,0.0,0.0
[,0.043478260869565216,0.0,0.0,0.043478260869565216,0.08695652173913043,0.13043478260869565,0.21739130434782608,0.043478260869565216,0.13043478260869565,0.043478260869565216,0.17391304347826086,0.0,0.0,0.0,0.0,0.0,0.0,0.0,0.0,0.0,0.0,0.0,0.043478260869565216,0.0,0.0,0.043478260869565216,0.0,0.0,0.0,0.0,0.0,0.0,0.0,0.0,0.0,0.0,0.0,0.0,0.0,0.0,0.0,0.0,0.0,0.0,0.0,0.0,0.0,0.0,0.0,0.0,0.0,0.0,0.0,0.0,0.0,0.0,0.0,0.0,0.0,0.0,0.0,0.0,0.0,0.0,0.0,0.0,0.0,0.0,0.0,0.0,0.0,0.0,0.0,0.0,0.0,0.0,0.0,0.0,0.0,0.0,0.0,0.0,0.0
PREP|[,0.0,0.05,0.0,0.0,0.0,0.0,0.3,0.0,0.0,0.15,0.0,0.0,0.0,0.0,0.0,0.0,0.0,0.0,0.0,0.0,0.0,0.0,0.25,0.0,0.0,0.0,0.0,0.0,0.0,0.0,0.0,0.0,0.0,0.0,0.0,0.0,0.0,0.0,0.0,0.0,0.0,0.0,0.05,0.0,0.0,0.0,0.0,0.0,0.0,0.0,0.0,0.2,0.0,0.0,0.0,0.0,0.0,0.0,0.0,0.0,0.0,0.0,0.0,0.0,0.0,0.0,0.0,0.0,0.0,0.0,0.0,0.0,0.0,0.0,0.0,0.0,0.0,0.0,0.0,0.0,0.0,0.0,0.0
ADV|[,0.0,0.0,0.0,0.0,0.0,0.0,0.0,0.16666666666666666,0.0,0.16666666666666666,0.0,0.05555555555555555,0.0,0.0,0.0,0.0,0.0,0.0,0.0,0.0,0.0,0.0,0.0,0.0,0.0,0.0,0.0,0.0,0.0,0.0,0.0,0.0,0.0,0.0,0.0,0.0,0.0,0.0,0.0,0.0,0.0,0.0,0.0,0.0,0.0,0.0,0.0,0.0,0.0,0.0,0.0,0.0,0.4444444444444444,0.0,0.16666666666666666,0.0,0.0,0.0,0.0,0.0,0.0,0.0,0.0,0.0,0.0,0.0,0.0,0.0,0.0,0.0,0.0,0.0,0.0,0.0,0.0,0.0,0.0,0.0,0.0,0.0,0.0,0.0,0.0
=,0.21428571428571427,0.0,0.0,0.0,0.0,0.0,0.0,0.0,0.0,0.0,0.0,0.0,0.0,0.0,0.7857142857142857,0.0,0.0,0.0,0.0,0.0,0.0,0.0,0.0,0.0,0.0,0.0,0.0,0.0,0.0,0.0,0.0,0.0,0.0,0.0,0.0,0.0,0.0,0.0,0.0,0.0,0.0,0.0,0.0,0.0,0.0,0.0,0.0,0.0,0.0,0.0,0.0,0.0,0.0,0.0,0.0,0.0,0.0,0.0,0.0,0.0,0.0,0.0,0.0,0.0,0.0,0.0,0.0,0.0,0.0,0.0,0.0,0.0,0.0,0.0,0.0,0.0,0.0,0.0,0.0,0.0,0.0,0.0,0.0
ADV|],0.0,0.0,0.0,0.0,0.07692307692307693,0.15384615384615385,0.07692307692307693,0.07692307692307693,0.15384615384615385,0.0,0.15384615384615385,0.0,0.15384615384615385,0.0,0.0,0.0,0.0,0.07692307692307693,0.0,0.0,0.0,0.0,0.0,0.0,0.0,0.0,0.0,0.0,0.0,0.0,0.0,0.0,0.0,0.0,0.0,0.0,0.0,0.0,0.0,0.0,0.0,0.0,0.0,0.0,0.0,0.0,0.0,0.0,0.0,0.0,0.0,0.0,0.0,0.0,0.07692307692307693,0.0,0.0,0.0,0.0,0.0,0.0,0.0,0.0,0.0,0.0,0.0,0.0,0.0,0.0,0.0,0.0,0.0,0.0,0.0,0.0,0.0,0.0,0.0,0.0,0.0,0.0,0.0,0.0
ADJ|+,0.18181818181818182,0.0,0.0,0.0,0.0,0.0,0.0,0.6363636363636364,0.0,0.0,0.0,0.09090909090909091,0.0,0.0,0.09090909090909091,0.0,0.0,0.0,0.0,0.0,0.0,0.0,0.0,0.0,0.0,0.0,0.0,0.0,0.0,0.0,0.0,0.0,0.0,0.0,0.0,0.0,0.0,0.0,0.0,0.0,0.0,0.0,0.0,0.0,0.0,0.0,0.0,0.0,0.0,0.0,0.0,0.0,0.0,0.0,0.0,0.0,0.0,0.0,0.0,0.0,0.0,0.0,0.0,0.0,0.0,0.0,0.0,0.0,0.0,0.0,0.0,0.0,0.0,0.0,0.0,0.0,0.0,0.0,0.0,0.0,0.0,0.0,0.0
((,0.1,0.0,0.6,0.0,0.0,0.0,0.0,0.2,0.0,0.0,0.0,0.0,0.0,0.0,0.0,0.0,0.0,0.0,0.0,0.0,0.0,0.0,0.0,0.0,0.0,0.0,0.0,0.0,0.0,0.0,0.0,0.0,0.0,0.0,0.0,0.0,0.0,0.0,0.0,0.0,0.0,0.0,0.0,0.0,0.0,0.0,0.0,0.0,0.0,0.0,0.0,0.0,0.0,0.0,0.0,0.0,0.0,0.1,0.0,0.0,0.0,0.0,0.0,0.0,0.0,0.0,0.0,0.0,0.0,0.0,0.0,0.0,0.0,0.0,0.0,0.0,0.0,0.0,0.0,0.0,0.0,0.0,0.0
)),0.1,0.0,0.0,0.0,0.1,0.0,0.4,0.0,0.1,0.0,0.0,0.0,0.0,0.0,0.0,0.1,0.0,0.0,0.0,0.0,0.0,0.0,0.0,0.0,0.0,0.1,0.1,0.0,0.0,0.0,0.0,0.0,0.0,0.0,0.0,0.0,0.0,0.0,0.0,0.0,0.0,0.0,0.0,0.0,0.0,0.0,0.0,0.0,0.0,0.0,0.0,0.0,0.0,0.0,0.0,0.0,0.0,0.0,0.0,0.0,0.0,0.0,0.0,0.0,0.0,0.0,0.0,0.0,0.0,0.0,0.0,0.0,0.0,0.0,0.0,0.0,0.0,0.0,0.0,0.0,0.0,0.0,0.0
PREP|],0.1111111111111111,0.6666666666666666,0.0,0.0,0.1111111111111111,0.0,0.0,0.1111111111111111,0.0,0.0,0.0,0.0,0.0,0.0,0.0,0.0,0.0,0.0,0.0,0.0,0.0,0.0,0.0,0.0,0.0,0.0,0.0,0.0,0.0,0.0,0.0,0.0,0.0,0.0,0.0,0.0,0.0,0.0,0.0,0.0,0.0,0.0,0.0,0.0,0.0,0.0,0.0,0.0,0.0,0.0,0.0,0.0,0.0,0.0,0.0,0.0,0.0,0.0,0.0,0.0,0.0,0.0,0.0,0.0,0.0,0.0,0.0,0.0,0.0,0.0,0.0,0.0,0.0,0.0,0.0,0.0,0.0,0.0,0.0,0.0,0.0,0.0,0.0
ADV|EST,0.0,0.0,0.0,0.0,0.0,0.0,0.1111111111111111,0.0,0.0,0.0,0.0,0.0,0.4444444444444444,0.0,0.0,0.0,0.0,0.0,0.0,0.0,0.0,0.0,0.0,0.0,0.0,0.0,0.0,0.0,0.0,0.0,0.0,0.0,0.0,0.0,0.0,0.0,0.0,0.0,0.0,0.0,0.0,0.0,0.0,0.0,0.0,0.0,0.0,0.0,0.0,0.0,0.0,0.0,0.0,0.0,0.0,0.0,0.0,0.0,0.0,0.4444444444444444,0.0,0.0,0.0,0.0,0.0,0.0,0.0,0.0,0.0,0.0,0.0,0.0,0.0,0.0,0.0,0.0,0.0,0.0,0.0,0.0,0.0,0.0,0.0
ADV|HOR,0.1111111111111111,0.0,0.0,0.1111111111111111,0.0,0.0,0.6666666666666666,0.0,0.0,0.0,0.0,0.0,0.0,0.0,0.0,0.0,0.0,0.0,0.0,0.0,0.1111111111111111,0.0,0.0,0.0,0.0,0.0,0.0,0.0,0.0,0.0,0.0,0.0,0.0,0.0,0.0,0.0,0.0,0.0,0.0,0.0,0.0,0.0,0.0,0.0,0.0,0.0,0.0,0.0,0.0,0.0,0.0,0.0,0.0,0.0,0.0,0.0,0.0,0.0,0.0,0.0,0.0,0.0,0.0,0.0,0.0,0.0,0.0,0.0,0.0,0.0,0.0,0.0,0.0,0.0,0.0,0.0,0.0,0.0,0.0,0.0,0.0,0.0,0.0
ADV|+,0.125,0.0,0.0,0.0,0.0,0.0,0.0,0.5,0.0,0.0,0.0,0.375,0.0,0.0,0.0,0.0,0.0,0.0,0.0,0.0,0.0,0.0,0.0,0.0,0.0,0.0,0.0,0.0,0.0,0.0,0.0,0.0,0.0,0.0,0.0,0.0,0.0,0.0,0.0,0.0,0.0,0.0,0.0,0.0,0.0,0.0,0.0,0.0,0.0,0.0,0.0,0.0,0.0,0.0,0.0,0.0,0.0,0.0,0.0,0.0,0.0,0.0,0.0,0.0,0.0,0.0,0.0,0.0,0.0,0.0,0.0,0.0,0.0,0.0,0.0,0.0,0.0,0.0,0.0,0.0,0.0,0.0,0.0
ART|+,0.14285714285714285,0.0,0.0,0.7142857142857143,0.0,0.14285714285714285,0.0,0.0,0.0,0.0,0.0,0.0,0.0,0.0,0.0,0.0,0.0,0.0,0.0,0.0,0.0,0.0,0.0,0.0,0.0,0.0,0.0,0.0,0.0,0.0,0.0,0.0,0.0,0.0,0.0,0.0,0.0,0.0,0.0,0.0,0.0,0.0,0.0,0.0,0.0,0.0,0.0,0.0,0.0,0.0,0.0,0.0,0.0,0.0,0.0,0.0,0.0,0.0,0.0,0.0,0.0,0.0,0.0,0.0,0.0,0.0,0.0,0.0,0.0,0.0,0.0,0.0,0.0,0.0,0.0,0.0,0.0,0.0,0.0,0.0,0.0,0.0,0.0
PREP|+],0.0,1.0,0.0,0.0,0.0,0.0,0.0,0.0,0.0,0.0,0.0,0.0,0.0,0.0,0.0,0.0,0.0,0.0,0.0,0.0,0.0,0.0,0.0,0.0,0.0,0.0,0.0,0.0,0.0,0.0,0.0,0.0,0.0,0.0,0.0,0.0,0.0,0.0,0.0,0.0,0.0,0.0,0.0,0.0,0.0,0.0,0.0,0.0,0.0,0.0,0.0,0.0,0.0,0.0,0.0,0.0,0.0,0.0,0.0,0.0,0.0,0.0,0.0,0.0,0.0,0.0,0.0,0.0,0.0,0.0,0.0,0.0,0.0,0.0,0.0,0.0,0.0,0.0,0.0,0.0,0.0,0.0,0.0
PROP,0.0,0.0,0.0,0.0,0.2857142857142857,0.0,0.2857142857142857,0.0,0.0,0.0,0.0,0.0,0.0,0.0,0.0,0.0,0.0,0.0,0.0,0.0,0.0,0.0,0.0,0.0,0.0,0.0,0.0,0.0,0.0,0.0,0.0,0.0,0.0,0.0,0.0,0.0,0.0,0.0,0.0,0.0,0.0,0.0,0.0,0.0,0.0,0.0,0.0,0.0,0.0,0.0,0.0,0.0,0.0,0.0,0.0,0.0,0.0,0.0,0.0,0.0,0.0,0.0,0.0,0.0,0.42857142857142855,0.0,0.0,0.0,0.0,0.0,0.0,0.0,0.0,0.0,0.0,0.0,0.0,0.0,0.0,0.0,0.0,0.0,0.0
V|EST,0.8,0.0,0.0,0.0,0.0,0.0,0.0,0.0,0.0,0.0,0.0,0.0,0.0,0.0,0.0,0.0,0.0,0.0,0.0,0.0,0.0,0.0,0.0,0.0,0.0,0.0,0.0,0.0,0.0,0.0,0.0,0.0,0.0,0.0,0.0,0.0,0.0,0.0,0.0,0.0,0.0,0.0,0.0,0.0,0.0,0.0,0.0,0.0,0.0,0.0,0.0,0.0,0.0,0.0,0.0,0.0,0.0,0.0,0.0,0.0,0.0,0.0,0.0,0.0,0.0,0.0,0.0,0.0,0.0,0.0,0.2,0.0,0.0,0.0,0.0,0.0,0.0,0.0,0.0,0.0,0.0,0.0,0.0
KS|[,0.0,0.0,0.0,0.0,0.2,0.0,0.0,0.0,0.0,0.0,0.2,0.0,0.2,0.0,0.0,0.0,0.0,0.0,0.0,0.0,0.0,0.0,0.2,0.0,0.0,0.0,0.0,0.0,0.0,0.0,0.0,0.0,0.0,0.0,0.0,0.0,0.0,0.0,0.0,0.0,0.0,0.0,0.0,0.0,0.0,0.0,0.0,0.0,0.0,0.0,0.0,0.0,0.0,0.0,0.0,0.0,0.0,0.0,0.0,0.0,0.0,0.0,0.0,0.0,0.0,0.0,0.2,0.0,0.0,0.0,0.0,0.0,0.0,0.0,0.0,0.0,0.0,0.0,0.0,0.0,0.0,0.0,0.0
ART|EST,0.0,0.0,0.5,0.0,0.0,0.0,0.0,0.0,0.0,0.0,0.0,0.0,0.0,0.0,0.0,0.0,0.0,0.0,0.0,0.0,0.0,0.0,0.0,0.0,0.0,0.0,0.5,0.0,0.0,0.0,0.0,0.0,0.0,0.0,0.0,0.0,0.0,0.0,0.0,0.0,0.0,0.0,0.0,0.0,0.0,0.0,0.0,0.0,0.0,0.0,0.0,0.0,0.0,0.0,0.0,0.0,0.0,0.0,0.0,0.0,0.0,0.0,0.0,0.0,0.0,0.0,0.0,0.0,0.0,0.0,0.0,0.0,0.0,0.0,0.0,0.0,0.0,0.0,0.0,0.0,0.0,0.0,0.0
KS|],0.0,0.0,0.0,0.0,0.25,0.0,0.0,0.0,0.0,0.0,0.0,0.0,0.25,0.25,0.0,0.0,0.0,0.0,0.0,0.0,0.0,0.0,0.0,0.0,0.0,0.0,0.0,0.0,0.25,0.0,0.0,0.0,0.0,0.0,0.0,0.0,0.0,0.0,0.0,0.0,0.0,0.0,0.0,0.0,0.0,0.0,0.0,0.0,0.0,0.0,0.0,0.0,0.0,0.0,0.0,0.0,0.0,0.0,0.0,0.0,0.0,0.0,0.0,0.0,0.0,0.0,0.0,0.0,0.0,0.0,0.0,0.0,0.0,0.0,0.0,0.0,0.0,0.0,0.0,0.0,0.0,0.0,0.0
NPRO,0.0,0.0,0.0,0.0,0.0,0.0,0.0,0.0,0.3333333333333333,0.0,0.0,0.0,0.0,0.0,0.0,0.0,0.0,0.0,0.0,0.0,0.0,0.0,0.0,0.0,0.0,0.6666666666666666,0.0,0.0,0.0,0.0,0.0,0.0,0.0,0.0,0.0,0.0,0.0,0.0,0.0,0.0,0.0,0.0,0.0,0.0,0.0,0.0,0.0,0.0,0.0,0.0,0.0,0.0,0.0,0.0,0.0,0.0,0.0,0.0,0.0,0.0,0.0,0.0,0.0,0.0,0.0,0.0,0.0,0.0,0.0,0.0,0.0,0.0,0.0,0.0,0.0,0.0,0.0,0.0,0.0,0.0,0.0,0.0,0.0
PREP|EST,0.0,0.0,0.6666666666666666,0.0,0.0,0.0,0.0,0.0,0.0,0.0,0.0,0.0,0.0,0.0,0.0,0.0,0.0,0.0,0.0,0.0,0.0,0.0,0.0,0.0,0.0,0.0,0.0,0.0,0.0,0.0,0.0,0.0,0.0,0.0,0.0,0.0,0.0,0.0,0.0,0.0,0.0,0.3333333333333333,0.0,0.0,0.0,0.0,0.0,0.0,0.0,0.0,0.0,0.0,0.0,0.0,0.0,0.0,0.0,0.0,0.0,0.0,0.0,0.0,0.0,0.0,0.0,0.0,0.0,0.0,0.0,0.0,0.0,0.0,0.0,0.0,0.0,0.0,0.0,0.0,0.0,0.0,0.0,0.0,0.0
`,0.0,0.0,0.6666666666666666,0.0,0.0,0.0,0.0,0.0,0.0,0.0,0.0,0.0,0.0,0.0,0.0,0.0,0.3333333333333333,0.0,0.0,0.0,0.0,0.0,0.0,0.0,0.0,0.0,0.0,0.0,0.0,0.0,0.0,0.0,0.0,0.0,0.0,0.0,0.0,0.0,0.0,0.0,0.0,0.0,0.0,0.0,0.0,0.0,0.0,0.0,0.0,0.0,0.0,0.0,0.0,0.0,0.0,0.0,0.0,0.0,0.0,0.0,0.0,0.0,0.0,0.0,0.0,0.0,0.0,0.0,0.0,0.0,0.0,0.0,0.0,0.0,0.0,0.0,0.0,0.0,0.0,0.0,0.0,0.0,0.0
NUM|TEL,0.0,0.0,0.0,0.0,0.0,0.0,0.0,0.0,0.0,0.0,0.0,0.0,0.0,0.0,0.0,0.0,0.0,0.0,0.0,0.0,0.5,0.0,0.0,0.0,0.0,0.0,0.0,0.0,0.0,0.0,0.0,0.0,0.0,0.0,0.0,0.0,0.0,0.0,0.0,0.0,0.0,0.0,0.0,0.0,0.0,0.0,0.0,0.0,0.0,0.0,0.0,0.0,0.0,0.0,0.0,0.0,0.0,0.0,0.0,0.0,0.0,0.0,0.0,0.0,0.0,0.0,0.0,0.0,0.0,0.0,0.0,0.0,0.5,0.0,0.0,0.0,0.0,0.0,0.0,0.0,0.0,0.0,0.0
PREP|,0.0,1.0,0.0,0.0,0.0,0.0,0.0,0.0,0.0,0.0,0.0,0.0,0.0,0.0,0.0,0.0,0.0,0.0,0.0,0.0,0.0,0.0,0.0,0.0,0.0,0.0,0.0,0.0,0.0,0.0,0.0,0.0,0.0,0.0,0.0,0.0,0.0,0.0,0.0,0.0,0.0,0.0,0.0,0.0,0.0,0.0,0.0,0.0,0.0,0.0,0.0,0.0,0.0,0.0,0.0,0.0,0.0,0.0,0.0,0.0,0.0,0.0,0.0,0.0,0.0,0.0,0.0,0.0,0.0,0.0,0.0,0.0,0.0,0.0,0.0,0.0,0.0,0.0,0.0,0.0,0.0,0.0,0.0
KC|EST,0.5,0.0,0.0,0.0,0.0,0.0,0.0,0.0,0.0,0.0,0.0,0.0,0.0,0.0,0.0,0.0,0.0,0.0,0.0,0.0,0.0,0.0,0.0,0.0,0.0,0.0,0.5,0.0,0.0,0.0,0.0,0.0,0.0,0.0,0.0,0.0,0.0,0.0,0.0,0.0,0.0,0.0,0.0,0.0,0.0,0.0,0.0,0.0,0.0,0.0,0.0,0.0,0.0,0.0,0.0,0.0,0.0,0.0,0.0,0.0,0.0,0.0,0.0,0.0,0.0,0.0,0.0,0.0,0.0,0.0,0.0,0.0,0.0,0.0,0.0,0.0,0.0,0.0,0.0,0.0,0.0,0.0,0.0
PROADJ|+,0.0,0.0,0.0,0.0,0.0,0.0,0.0,0.0,0.0,0.0,0.0,0.0,0.0,0.5,0.0,0.0,0.0,0.0,0.0,0.0,0.0,0.0,0.0,0.0,0.0,0.0,0.0,0.0,0.0,0.0,0.0,0.0,0.0,0.0,0.0,0.0,0.0,0.0,0.0,0.0,0.0,0.0,0.0,0.0,0.0,0.0,0.0,0.0,0.0,0.0,0.0,0.0,0.0,0.0,0.0,0.0,0.0,0.0,0.0,0.0,0.0,0.0,0.0,0.0,0.0,0.0,0.0,0.0,0.0,0.0,0.0,0.0,0.0,0.0,0.0,0.5,0.0,0.0,0.0,0.0,0.0,0.0,0.0
PROPESS|EST,0.0,0.0,0.0,0.0,0.0,0.0,0.0,0.0,0.0,0.0,0.0,0.0,0.0,0.0,0.0,0.0,0.0,0.0,0.0,0.0,0.0,0.0,0.0,0.0,0.0,0.0,0.0,0.0,0.0,0.0,0.0,0.0,0.0,0.0,0.0,0.0,0.0,0.0,0.0,0.0,0.0,0.0,0.0,0.0,0.0,0.0,0.0,0.0,0.0,0.0,0.0,0.0,0.0,0.0,0.0,0.0,0.0,0.0,0.0,0.0,0.0,0.0,0.0,0.0,0.0,0.0,0.0,0.0,0.0,0.0,0.0,0.0,0.0,0.0,0.0,0.0,0.0,1.0,0.0,0.0,0.0,0.0,0.0
PDEN|EST,0.5,0.0,0.0,0.0,0.0,0.0,0.0,0.0,0.0,0.0,0.5,0.0,0.0,0.0,0.0,0.0,0.0,0.0,0.0,0.0,0.0,0.0,0.0,0.0,0.0,0.0,0.0,0.0,0.0,0.0,0.0,0.0,0.0,0.0,0.0,0.0,0.0,0.0,0.0,0.0,0.0,0.0,0.0,0.0,0.0,0.0,0.0,0.0,0.0,0.0,0.0,0.0,0.0,0.0,0.0,0.0,0.0,0.0,0.0,0.0,0.0,0.0,0.0,0.0,0.0,0.0,0.0,0.0,0.0,0.0,0.0,0.0,0.0,0.0,0.0,0.0,0.0,0.0,0.0,0.0,0.0,0.0,0.0
PROPESS|+,0.0,0.0,0.0,0.0,0.0,0.0,0.0,0.0,0.0,0.0,0.0,0.0,0.0,0.0,0.0,0.0,1.0,0.0,0.0,0.0,0.0,0.0,0.0,0.0,0.0,0.0,0.0,0.0,0.0,0.0,0.0,0.0,0.0,0.0,0.0,0.0,0.0,0.0,0.0,0.0,0.0,0.0,0.0,0.0,0.0,0.0,0.0,0.0,0.0,0.0,0.0,0.0,0.0,0.0,0.0,0.0,0.0,0.0,0.0,0.0,0.0,0.0,0.0,0.0,0.0,0.0,0.0,0.0,0.0,0.0,0.0,0.0,0.0,0.0,0.0,0.0,0.0,0.0,0.0,0.0,0.0,0.0,0.0
KC|+,0.0,0.5,0.0,0.0,0.0,0.0,0.0,0.0,0.0,0.0,0.0,0.0,0.0,0.0,0.0,0.0,0.0,0.0,0.0,0.0,0.0,0.0,0.0,0.0,0.0,0.0,0.0,0.0,0.0,0.0,0.0,0.0,0.0,0.0,0.0,0.0,0.0,0.0,0.0,0.0,0.0,0.0,0.0,0.0,0.0,0.0,0.0,0.0,0.0,0.0,0.0,0.0,0.0,0.0,0.0,0.0,0.0,0.0,0.0,0.0,0.0,0.0,0.0,0.0,0.0,0.0,0.0,0.0,0.0,0.0,0.0,0.0,0.0,0.0,0.0,0.0,0.0,0.0,0.0,0.5,0.0,0.0,0.0
VAUX|!,0.0,0.0,0.0,0.0,0.0,0.0,0.0,0.0,0.0,0.0,0.0,0.0,0.0,0.0,0.0,0.0,1.0,0.0,0.0,0.0,0.0,0.0,0.0,0.0,0.0,0.0,0.0,0.0,0.0,0.0,0.0,0.0,0.0,0.0,0.0,0.0,0.0,0.0,0.0,0.0,0.0,0.0,0.0,0.0,0.0,0.0,0.0,0.0,0.0,0.0,0.0,0.0,0.0,0.0,0.0,0.0,0.0,0.0,0.0,0.0,0.0,0.0,0.0,0.0,0.0,0.0,0.0,0.0,0.0,0.0,0.0,0.0,0.0,0.0,0.0,0.0,0.0,0.0,0.0,0.0,0.0,0.0,0.0
IN|EST,0.0,0.0,0.0,0.0,0.0,0.0,1.0,0.0,0.0,0.0,0.0,0.0,0.0,0.0,0.0,0.0,0.0,0.0,0.0,0.0,0.0,0.0,0.0,0.0,0.0,0.0,0.0,0.0,0.0,0.0,0.0,0.0,0.0,0.0,0.0,0.0,0.0,0.0,0.0,0.0,0.0,0.0,0.0,0.0,0.0,0.0,0.0,0.0,0.0,0.0,0.0,0.0,0.0,0.0,0.0,0.0,0.0,0.0,0.0,0.0,0.0,0.0,0.0,0.0,0.0,0.0,0.0,0.0,0.0,0.0,0.0,0.0,0.0,0.0,0.0,0.0,0.0,0.0,0.0,0.0,0.0,0.0,0.0
V|!,0.0,0.0,0.0,0.0,0.0,0.0,0.0,0.0,0.0,0.0,0.0,0.0,0.0,0.0,0.0,0.0,1.0,0.0,0.0,0.0,0.0,0.0,0.0,0.0,0.0,0.0,0.0,0.0,0.0,0.0,0.0,0.0,0.0,0.0,0.0,0.0,0.0,0.0,0.0,0.0,0.0,0.0,0.0,0.0,0.0,0.0,0.0,0.0,0.0,0.0,0.0,0.0,0.0,0.0,0.0,0.0,0.0,0.0,0.0,0.0,0.0,0.0,0.0,0.0,0.0,0.0,0.0,0.0,0.0,0.0,0.0,0.0,0.0,0.0,0.0,0.0,0.0,0.0,0.0,0.0,0.0,0.0,0.0
